company,company_name,sector,stakeholder,pct
ADVANC,Advanced Info Service,Information & Communication Technology,บริษัท  กัลฟ์ ดีเวลลอปเมนท์ จำกัด (มหาชน),40.44
ADVANC,Advanced Info Service,Information & Communication Technology,SINGTEL STRATEGIC INVESTMENTS PTE LTD.,19.10
ADVANC,Advanced Info Service,Information & Communication Technology,บริษัท  ไทยเอ็นวีดีอาร์ จำกัด,7.63
ADVANC,Advanced Info Service,Information & Communication Technology,RAFFLE NOMINEES (PTE) LTD S/A SINGTEL STRATEGIC INVESTMENTS PTE LTD.,5.67
ADVANC,Advanced Info Service,Information & Communication Technology,กองทุนรวม  วายุภักษ์หนึ่ง,2.97
AOT,Airports of Thailand,Transportation & Logistics,กระทรวงการคลัง,70.00
AOT,Airports of Thailand,Transportation & Logistics,บริษัท  ไทยเอ็นวีดีอาร์ จำกัด,3.28
AOT,Airports of Thailand,Transportation & Logistics,กองทุนรวม  วายุภักษ์หนึ่ง,2.42
AOT,Airports of Thailand,Transportation & Logistics,สำนักงานประกันสังคม,1.37
AOT,Airports of Thailand,Transportation & Logistics,SOUTH EAST ASIA UK (TYPE C) NOMINEES LIMITED,1.20
AWC,Asset World Corp,Property Development,บริษัท  ทีซีซี บริหารธุรกิจ จำกัด,44.96
AWC,Asset World Corp,Property Development,บริษัท  ทีซีซี รีเทล จำกัด,29.98
AWC,Asset World Corp,Property Development,NOMURA SINGAPORE LIMITED-CUSTOMER SEGREGATED ACCOUNT,4.47
AWC,Asset World Corp,Property Development,UBS AG SINGAPORE BRANCH - FOR CLIENTS' ACCOUNTS,2.16
AWC,Asset World Corp,Property Development,กองทุนรวม  วายุภักษ์หนึ่ง,1.91
BANPU,Banpu,Energy & Utilities,บริษัท  น้ำตาลมิตรผล จำกัด,8.26
BANPU,Banpu,Energy & Utilities,บริษัท  ไทยเอ็นวีดีอาร์ จำกัด,8.09
BANPU,Banpu,Energy & Utilities,SOUTH EAST ASIA UK (TYPE C) NOMINEES LIMITED,2.83
BANPU,Banpu,Energy & Utilities,นาย ประทีป ตั้งมติธรรม,1.84
BANPU,Banpu,Energy & Utilities,บริษัท  ทุนมิตรสยาม จำกัด,1.73
BBL,Bangkok Bank,Banking,บริษัท  ไทยเอ็นวีดีอาร์ จำกัด,23.38
BBL,Bangkok Bank,Banking,บริษัท  ซิตี้เรียลตี้ จำกัด,4.70
BBL,Bangkok Bank,Banking,สำนักงานประกันสังคม,4.00
BBL,Bangkok Bank,Banking,STATE STREET EUROPE LIMITED,2.73
BBL,Bangkok Bank,Banking,STATE STREET BANK AND TRUST COMPANY,2.51
BDMS,Bangkok Dusit Medical Services,Health Care Services,บริษัท  ไทยเอ็นวีดีอาร์ จำกัด,9.70
BDMS,Bangkok Dusit Medical Services,Health Care Services,นาย ปราเสริฐ ปราสาททองโอสถ,9.18
BDMS,Bangkok Dusit Medical Services,Health Care Services,น.ส. ปรมาภรณ์ ปราสาททองโอสถ,5.91
BDMS,Bangkok Dusit Medical Services,Health Care Services,บริษัท  วิริยะประกันภัย จำกัด (มหาชน),4.27
BDMS,Bangkok Dusit Medical Services,Health Care Services,SOUTH EAST ASIA UK (TYPE C) NOMINEES LIMITED,3.78
BEM,Bangkok Expressway and Metro,Transportation & Logistics,บริษัท  ช.การช่าง จำกัด (มหาชน),42.26
BEM,Bangkok Expressway and Metro,Transportation & Logistics,การรถไฟฟ้าขนส่งมวลชนแห่งประเทศไทย,8.22
BEM,Bangkok Expressway and Metro,Transportation & Logistics,ธนาคาร  กรุงไทย จำกัด (มหาชน),5.33
BEM,Bangkok Expressway and Metro,Transportation & Logistics,บริษัท  ไทยเอ็นวีดีอาร์ จำกัด,3.16
BEM,Bangkok Expressway and Metro,Transportation & Logistics,สำนักงานประกันสังคม,3.05
BH,Bumrungrad Hospital,Health Care Services,บริษัท  ไทยเอ็นวีดีอาร์ จำกัด,10.63
BH,Bumrungrad Hospital,Health Care Services,บริษัท  กรุงเทพประกันภัย จำกัด (มหาชน),9.96
BH,Bumrungrad Hospital,Health Care Services,UOB KAY HIAN (HONG KONG) LIMITED - Client Account,7.78
BH,Bumrungrad Hospital,Health Care Services,ธนาคาร  กรุงเทพ จำกัด (มหาชน),6.70
BH,Bumrungrad Hospital,Health Care Services,SOUTH EAST ASIA UK (TYPE C) NOMINEES LIMITED,3.56
BJC,Berli Jucker,Commerce,บริษัท  ทีซีซี คอร์ปอเรชั่น จำกัด,45.68
BJC,Berli Jucker,Commerce,บริษัท  ทีซีซี โฮลดิ้งส์ (2519) จำกัด,29.32
BJC,Berli Jucker,Commerce,สำนักงานประกันสังคม,4.10
BJC,Berli Jucker,Commerce,RAFFLES NOMINEES (PTE) LIMITED,3.92
BJC,Berli Jucker,Commerce,THE BANK OF NEW YORK (NOMINEES) LIMITED,2.58
BTS,BTS Group Holdings,Transportation & Logistics,นาย คีรี กาญจนพาสน์,31.73
BTS,BTS Group Holdings,Transportation & Logistics,นาย กวิน กาญจนพาสน์,11.17
BTS,BTS Group Holdings,Transportation & Logistics,บริษัท  ไทยเอ็นวีดีอาร์ จำกัด,5.50
BTS,BTS Group Holdings,Transportation & Logistics,ธนาคาร  กรุงเทพ จำกัด (มหาชน),4.48
BTS,BTS Group Holdings,Transportation & Logistics,CITIBANK NOMINEES SINGAPORE PTE LTD-A/C GIC C,3.19
CBG,Carabao Group,Food & Beverage,บริษัท  เสถียรธรรมโฮลดิ้ง จำกัด,25.01
CBG,Carabao Group,Food & Beverage,น.ส. ณัฐชไม ถนอมบูรณ์เจริญ,21.00
CBG,Carabao Group,Food & Beverage,นาย ยืนยง โอภากุล,7.05
CBG,Carabao Group,Food & Beverage,UBS AG SINGAPORE BRANCH - FOR CLIENTS' ACCOUNTS,4.59
CBG,Carabao Group,Food & Beverage,บริษัท  ไทยเอ็นวีดีอาร์ จำกัด,3.16
CCET,Cal-Comp Electronics (Thailand),Electronic Components,KINPO ELECTRONICS. INC.,49.99
CCET,Cal-Comp Electronics (Thailand),Electronic Components,FAR EASTERN INTERNATIONAL BANK,15.84
CCET,Cal-Comp Electronics (Thailand),Electronic Components,KGI ASIA LIMITED,15.10
CCET,Cal-Comp Electronics (Thailand),Electronic Components,นาย วิทิต พงศ์พิโรดม,2.34
CCET,Cal-Comp Electronics (Thailand),Electronic Components,บริษัท  ไทยเอ็นวีดีอาร์ จำกัด,1.62
CENTEL,Central Plaza Hotel,Tourism & Leisure,บริษัท  เตียง จิราธิวัฒน์ จำกัด,5.00
CENTEL,Central Plaza Hotel,Tourism & Leisure,UBS AG SINGAPORE BRANCH - FOR CLIENTS' ACCOUNTS,3.79
CENTEL,Central Plaza Hotel,Tourism & Leisure,นาย นิติ โอสถานุเคราะห์,3.06
CENTEL,Central Plaza Hotel,Tourism & Leisure,บริษัท  ไทยเอ็นวีดีอาร์ จำกัด,2.57
CENTEL,Central Plaza Hotel,Tourism & Leisure,นาย สุทธิเกียรติ จิราธิวัฒน์,2.31
COM7,Com7,Commerce,นาย สุระ คณิตทวีกุล,25.18
COM7,Com7,Commerce,นาย พงศ์ศักดิ์ ธรรมธัชอารี,19.95
COM7,Com7,Commerce,บริษัท  ไทยเอ็นวีดีอาร์ จำกัด,9.20
COM7,Com7,Commerce,THE BANK OF NEW YORK MELLON,4.35
COM7,Com7,Commerce,น.ส. อารี ปรีชานุกูล,2.98
CPALL,CP All,Commerce,บริษัท  ซี.พี.เมอร์แชนไดซิ่ง จำกัด,30.42
CPALL,CP All,Commerce,บริษัท  ไทยเอ็นวีดีอาร์ จำกัด,9.67
CPALL,CP All,Commerce,SOUTH EAST ASIA UK (TYPE C) NOMINEES LIMITED,3.59
CPALL,CP All,Commerce,สำนักงานประกันสังคม,3.43
CPALL,CP All,Commerce,กองทุนรวม  วายุภักษ์หนึ่ง,3.21
CPF,Charoen Pokphand Foods,Food & Beverage,บริษัท  เครือเจริญโภคภัณฑ์ จำกัด,25.04
CPF,Charoen Pokphand Foods,Food & Beverage,บริษัท  ไทยเอ็นวีดีอาร์ จำกัด,10.32
CPF,Charoen Pokphand Foods,Food & Beverage,UBS AG LONDON BRANCH,9.19
CPF,Charoen Pokphand Foods,Food & Beverage,บริษัท  เจริญโภคภัณฑ์โฮลดิ้ง จำกัด,8.85
CPF,Charoen Pokphand Foods,Food & Beverage,บริษัท  เจริญโภคภัณฑ์อาหาร จำกัด (มหาชน),2.94
CPN,Central Pattana,Property Development,บริษัท  เซ็นทรัลโฮลดิ้ง จำกัด,26.21
CPN,Central Pattana,Property Development,บริษัท  ไทยเอ็นวีดีอาร์ จำกัด,6.87
CPN,Central Pattana,Property Development,กองทุนรวม  วายุภักษ์หนึ่ง,3.49
CPN,Central Pattana,Property Development,สำนักงานประกันสังคม,3.33
CPN,Central Pattana,Property Development,นาย นิติ โอสถานุเคราะห์,2.39
CRC,Central Retail Corporation,Commerce,บริษัท  ห้างเซ็นทรัล ดีพาทเมนท์สโตร์ จำกัด,35.06
CRC,Central Retail Corporation,Commerce,Deutsche Bank AG Singapore PWM,4.61
CRC,Central Retail Corporation,Commerce,สำนักงานประกันสังคม,3.28
CRC,Central Retail Corporation,Commerce,กองทุนรวม  วายุภักษ์หนึ่ง,2.77
CRC,Central Retail Corporation,Commerce,บริษัท  ไทยเอ็นวีดีอาร์ จำกัด,1.74
DELTA,Delta Electronics (Thailand),Electronic Components,DELTA ELECTRONICS INT'L (SINGAPORE) PTE. LTD.,42.85
DELTA,Delta Electronics (Thailand),Electronic Components,CITI (NOMINEES) LIMITED-CBHK-PBGSG-RESTRICTED SHARES,13.86
DELTA,Delta Electronics (Thailand),Electronic Components,DELTA INTERNATIONAL HOLDING LIMITED B.V.,12.71
DELTA,Delta Electronics (Thailand),Electronic Components,DELTA ELECTRONICS INC.,5.54
DELTA,Delta Electronics (Thailand),Electronic Components,UBS AG HONG KONG BRANCH - FOR CLIENTS' ACCOUNTS,4.38
EGCO,Electricity Generating,Energy & Utilities,การไฟฟ้าฝ่ายผลิตแห่งประเทศไทย,25.41
EGCO,Electricity Generating,Energy & Utilities,TEPDIA Generating B.V.,22.42
EGCO,Electricity Generating,Energy & Utilities,สหกรณ์ ออมทรัพย์การไฟฟ้าฝ่ายผลิตแห่งประเทศไทย จำกัด,6.33
EGCO,Electricity Generating,Energy & Utilities,บริษัท  ไทยเอ็นวีดีอาร์ จำกัด,5.08
EGCO,Electricity Generating,Energy & Utilities,สำนักงานประกันสังคม,4.58
GPSC,Global Power Synergy,Energy & Utilities,บริษัท  ปตท. จำกัด (มหาชน),47.27
GPSC,Global Power Synergy,Energy & Utilities,บริษัท  พีทีที โกลบอล เคมิคอล จำกัด (มหาชน),10.00
GPSC,Global Power Synergy,Energy & Utilities,บริษัท  ไทยออยล์ จำกัด (มหาชน),10.00
GPSC,Global Power Synergy,Energy & Utilities,บริษัท  สยาม แมนเนจเม้นท์ โฮลดิ้ง จำกัด,7.96
GPSC,Global Power Synergy,Energy & Utilities,กองทุนรวม  วายุภักษ์หนึ่ง,2.89
GULF,Gulf Development,Energy & Utilities,นาย สารัชถ์ รัตนาวะดี,29.28
GULF,Gulf Development,Energy & Utilities,UBS AG SINGAPORE BRANCH - FOR CLIENTS' ACCOUNTS,10.12
GULF,Gulf Development,Energy & Utilities,GULF CAPITAL HOLDINGS LIMITED,8.00
GULF,Gulf Development,Energy & Utilities,SINGTEL GLOBAL INVESTMENT PTE. LTD.,7.73
GULF,Gulf Development,Energy & Utilities,บริษัท  ไทยเอ็นวีดีอาร์ จำกัด,4.29
HMPRO,Home Product Center,Commerce,บริษัท  แลนด์ แอนด์ เฮ้าส์ จำกัด (มหาชน),30.23
HMPRO,Home Product Center,Commerce,บริษัท  ควอลิตี้เฮ้าส์ จำกัด (มหาชน),19.87
HMPRO,Home Product Center,Commerce,นาย นิติ โอสถานุเคราะห์,5.27
HMPRO,Home Product Center,Commerce,สำนักงานประกันสังคม,4.79
HMPRO,Home Product Center,Commerce,บริษัท  ไทยเอ็นวีดีอาร์ จำกัด,3.74
IVL,Indorama Ventures,Petrochemicals & Chemicals,บริษัท  อินโดรามา รีซอสเซส จำกัด,65.69
IVL,Indorama Ventures,Petrochemicals & Chemicals,บริษัท  ไทยเอ็นวีดีอาร์ จำกัด,5.85
IVL,Indorama Ventures,Petrochemicals & Chemicals,ธนาคาร  กรุงเทพ จำกัด (มหาชน),4.83
IVL,Indorama Ventures,Petrochemicals & Chemicals,กองทุนรวม  วายุภักษ์หนึ่ง,3.49
IVL,Indorama Ventures,Petrochemicals & Chemicals,สำนักงานประกันสังคม,1.68
KBANK,Kasikornbank,Banking,บริษัท  ไทยเอ็นวีดีอาร์ จำกัด,12.76
KBANK,Kasikornbank,Banking,บริษัท  กัลฟ์ ดีเวลลอปเมนท์ จำกัด (มหาชน),9.99
KBANK,Kasikornbank,Banking,STATE STREET EUROPE LIMITED,5.85
KBANK,Kasikornbank,Banking,SOUTH EAST ASIA UK (TYPE C) NOMINEES LIMITED,4.29
KBANK,Kasikornbank,Banking,STATE STREET BANK AND TRUST COMPANY,3.90
KKP,Kiatnakin Phatra Bank,Banking,บริษัท  ไทยเอ็นวีดีอาร์ จำกัด,14.63
KKP,Kiatnakin Phatra Bank,Banking,บริษัท  โชติธนวัฒน์ จำกัด,5.33
KKP,Kiatnakin Phatra Bank,Banking,บริษัท  น้ำตาลตะวันออก จำกัด,4.66
KKP,Kiatnakin Phatra Bank,Banking,น.ส. ฐิตินันท์ วัธนเวคิน,4.09
KKP,Kiatnakin Phatra Bank,Banking,ธนาคาร  เกียรตินาคินภัทร จำกัด (มหาชน),4.01
KTB,Krung Thai Bank,Banking,กองทุน  เพื่อการฟื้นฟูและพัฒนาระบบสถาบันการเงิน,55.07
KTB,Krung Thai Bank,Banking,บริษัท  ไทยเอ็นวีดีอาร์ จำกัด,8.16
KTB,Krung Thai Bank,Banking,กองทุนรวม  วายุภักษ์หนึ่ง,3.16
KTB,Krung Thai Bank,Banking,STATE STREET EUROPE LIMITED,1.77
KTB,Krung Thai Bank,Banking,SOUTH EAST ASIA UK (TYPE C) NOMINEES LIMITED,1.75
KTC,Krungthai Card,Finance & Securities,ธนาคาร  กรุงไทย จำกัด (มหาชน),49.29
KTC,Krungthai Card,Finance & Securities,บริษัท  ไทยเอ็นวีดีอาร์ จำกัด,6.55
KTC,Krungthai Card,Finance & Securities,นาย มงคล ประกิตชัยวัฒนา,5.37
KTC,Krungthai Card,Finance & Securities,SOUTH EAST ASIA UK (TYPE C) NOMINEES LIMITED,2.07
KTC,Krungthai Card,Finance & Securities,กองทุนรวม  วายุภักษ์หนึ่ง,1.72
LH,Land and Houses,Property Development,นาย อนันต์ อัศวโภคิน,24.23
LH,Land and Houses,Property Development,สำนักงานประกันสังคม,6.39
LH,Land and Houses,Property Development,บริษัท  เมย์แลนด์ จำกัด,5.67
LH,Land and Houses,Property Development,บริษัท  ไทยเอ็นวีดีอาร์ จำกัด,5.34
LH,Land and Houses,Property Development,THE BANK OF NEW YORK MELLON,2.60
MINT,Minor International,Tourism & Leisure,บริษัท  ไมเนอร์ โฮลดิ้ง (ไทย) จำกัด,16.17
MINT,Minor International,Tourism & Leisure,UBS AG SINGAPORE BRANCH - FOR CLIENTS' ACCOUNTS,11.55
MINT,Minor International,Tourism & Leisure,นาย นิติ โอสถานุเคราะห์,9.84
MINT,Minor International,Tourism & Leisure,บริษัท  ไทยเอ็นวีดีอาร์ จำกัด,6.50
MINT,Minor International,Tourism & Leisure,สำนักงานประกันสังคม,3.62
MTC,Muangthai Capital,Finance & Securities,นาง ดาวนภา พัชรชัย,33.96
MTC,Muangthai Capital,Finance & Securities,นาย ปริทัศน์ เพชรอำไพ,14.34
MTC,Muangthai Capital,Finance & Securities,นาย ศึกษิต พัชรชัย,14.15
MTC,Muangthai Capital,Finance & Securities,UBS AG SINGAPORE BRANCH - FOR CLIENTS' ACCOUNTS,5.20
MTC,Muangthai Capital,Finance & Securities,บริษัท  ไทยเอ็นวีดีอาร์ จำกัด,3.21
OR,PTT Oil and Retail Business,Energy & Utilities,บริษัท  ปตท. จำกัด (มหาชน),75.00
OR,PTT Oil and Retail Business,Energy & Utilities,บริษัท  ไทยเอ็นวีดีอาร์ จำกัด,1.71
OR,PTT Oil and Retail Business,Energy & Utilities,กองทุนรวม  วายุภักษ์หนึ่ง,1.57
OR,PTT Oil and Retail Business,Energy & Utilities,SOUTH EAST ASIA UK (TYPE C) NOMINEES LIMITED,0.87
OR,PTT Oil and Retail Business,Energy & Utilities,ชุมนุมสหกรณ์ออมทรัพย์ แห่งประเทศไทย จำกัด,0.63
OSP,Osotspa,Food & Beverage,นาย นิติ โอสถานุเคราะห์,24.07
OSP,Osotspa,Food & Beverage,"BANK JULIUS BAER & CO. LTD, SINGAPORE",8.69
OSP,Osotspa,Food & Beverage,บริษัท  ไทยเอ็นวีดีอาร์ จำกัด,3.90
OSP,Osotspa,Food & Beverage,นาย ภาสุรี โอสถานุเคราะห์,3.35
OSP,Osotspa,Food & Beverage,น.ส. เกสรา โอสถานุเคราะห์,3.14
PTT,PTT Public Company,Energy & Utilities,กระทรวงการคลัง,51.38
PTT,PTT Public Company,Energy & Utilities,กองทุนรวม  วายุภักษ์หนึ่ง,7.83
PTT,PTT Public Company,Energy & Utilities,บริษัท  ไทยเอ็นวีดีอาร์ จำกัด,5.95
PTT,PTT Public Company,Energy & Utilities,ชุมนุมสหกรณ์ออมทรัพย์ แห่งประเทศไทย จำกัด,2.06
PTT,PTT Public Company,Energy & Utilities,สำนักงานประกันสังคม,1.77
PTTEP,PTT Exploration and Production,Energy & Utilities,บริษัท  ปตท. จำกัด (มหาชน),63.79
PTTEP,PTT Exploration and Production,Energy & Utilities,บริษัท  ไทยเอ็นวีดีอาร์ จำกัด,6.69
PTTEP,PTT Exploration and Production,Energy & Utilities,กองทุนรวม  วายุภักษ์หนึ่ง,1.76
PTTEP,PTT Exploration and Production,Energy & Utilities,STATE STREET EUROPE LIMITED,1.71
PTTEP,PTT Exploration and Production,Energy & Utilities,บริษัท  สยาม แมนเนจเม้นท์ โฮลดิ้ง จำกัด,1.50
PTTGC,PTT Global Chemical,Petrochemicals & Chemicals,บริษัท  ปตท. จำกัด (มหาชน),45.18
PTTGC,PTT Global Chemical,Petrochemicals & Chemicals,บริษัท  ไทยเอ็นวีดีอาร์ จำกัด,5.28
PTTGC,PTT Global Chemical,Petrochemicals & Chemicals,กองทุนรวม  วายุภักษ์หนึ่ง,3.36
PTTGC,PTT Global Chemical,Petrochemicals & Chemicals,บริษัท  สยาม แมนเนจเม้นท์ โฮลดิ้ง จำกัด,3.00
PTTGC,PTT Global Chemical,Petrochemicals & Chemicals,STATE STREET EUROPE LIMITED,2.53
RATCH,Ratch Group,Energy & Utilities,การไฟฟ้าฝ่ายผลิตแห่งประเทศไทย,45.00
RATCH,Ratch Group,Energy & Utilities,สหกรณ์ ออมทรัพย์การไฟฟ้าฝ่ายผลิตแห่งประเทศไทย จำกัด,6.19
RATCH,Ratch Group,Energy & Utilities,สำนักงานประกันสังคม,4.68
RATCH,Ratch Group,Energy & Utilities,บริษัท  ไทยเอ็นวีดีอาร์ จำกัด,3.77
RATCH,Ratch Group,Energy & Utilities,นาย ประทีป ตั้งมติธรรม,1.26
SAWAD,Srisawad Corporation,Finance & Securities,น.ส. ธิดา แก้วบุตตา,16.18
SAWAD,Srisawad Corporation,Finance & Securities,UBS AG SINGAPORE BRANCH - FOR CLIENTS' ACCOUNTS,11.74
SAWAD,Srisawad Corporation,Finance & Securities,น.ส. ดวงใจ แก้วบุตตา,8.14
SAWAD,Srisawad Corporation,Finance & Securities,บริษัท  ไทยเอ็นวีดีอาร์ จำกัด,6.21
SAWAD,Srisawad Corporation,Finance & Securities,นาง จริยา แก้วบุตตา,5.94
SCB,SCB X,Banking,พระบาทสมเด็จพระวชิรเกล้าเจ้าอยู่หัว,23.58
SCB,SCB X,Banking,กองทุนรวม  วายุภักษ์หนึ่ง,23.32
SCB,SCB X,Banking,บริษัท  ไทยเอ็นวีดีอาร์ จำกัด,5.41
SCB,SCB X,Banking,สำนักงานประกันสังคม,3.06
SCB,SCB X,Banking,SOUTH EAST ASIA UK (TYPE C) NOMINEES LIMITED,3.04
SCC,Siam Cement Group,Construction Materials,พระบาทสมเด็จพระวชิรเกล้าเจ้าอยู่หัว,33.64
SCC,Siam Cement Group,Construction Materials,บริษัท  ไทยเอ็นวีดีอาร์ จำกัด,7.66
SCC,Siam Cement Group,Construction Materials,สำนักงานประกันสังคม,5.59
SCC,Siam Cement Group,Construction Materials,SOUTH EAST ASIA UK (TYPE C) NOMINEES LIMITED,3.16
SCC,Siam Cement Group,Construction Materials,STATE STREET EUROPE LIMITED,1.80
SCGP,SCG Packaging,Packaging,บริษัท  ปูนซิเมนต์ไทย จำกัด (มหาชน),72.12
SCGP,SCG Packaging,Packaging,บริษัท  ไทยเอ็นวีดีอาร์ จำกัด,2.32
SCGP,SCG Packaging,Packaging,สำนักงานประกันสังคม,1.81
SCGP,SCG Packaging,Packaging,กองทุนรวม  วายุภักษ์หนึ่ง,1.80
SCGP,SCG Packaging,Packaging,บริษัท  ทุนลดาวัลย์ จำกัด,1.75
TCAP,Thanachart Capital,Banking,บริษัท  เอ็ม บี เค จำกัด (มหาชน),24.90
TCAP,Thanachart Capital,Banking,บริษัท  ไทยเอ็นวีดีอาร์ จำกัด,8.03
TCAP,Thanachart Capital,Banking,นาย สมชาย ลิ้มถิรคุณ,2.55
TCAP,Thanachart Capital,Banking,SOUTH EAST ASIA UK (TYPE C) NOMINEES LIMITED,2.43
TCAP,Thanachart Capital,Banking,DBS BANK LTD. AC DBS NOMINEES-PB CLIENTS,1.95
TIDLOR,Tidlor Holdings,Finance & Securities,ธนาคาร  กรุงศรีอยุธยา จำกัด (มหาชน),46.51
TIDLOR,Tidlor Holdings,Finance & Securities,บริษัท  ไทยเอ็นวีดีอาร์ จำกัด,6.56
TIDLOR,Tidlor Holdings,Finance & Securities,กองทุนรวม  วายุภักษ์หนึ่ง,3.39
TIDLOR,Tidlor Holdings,Finance & Securities,9 BASIL PTE. LTD.,3.08
TIDLOR,Tidlor Holdings,Finance & Securities,SOUTH EAST ASIA UK (TYPE C) NOMINEES LIMITED,2.03
TISCO,TISCO Financial Group,Banking,บริษัท  ไทยเอ็นวีดีอาร์ จำกัด,11.96
TISCO,TISCO Financial Group,Banking,CDIB & PARTNERS INVESTMENT HOLDING PTE.LTD.,10.00
TISCO,TISCO Financial Group,Banking,TOKYO CENTURY CORPORATION,4.93
TISCO,TISCO Financial Group,Banking,SOUTH EAST ASIA UK (TYPE C) NOMINEES LIMITED,3.28
TISCO,TISCO Financial Group,Banking,บริษัท  ทุนธนชาต จำกัด (มหาชน),1.68
TLI,Thai Life Insurance,Insurance,บริษัท  วี.ซี.สมบัติ จำกัด,50.81
TLI,Thai Life Insurance,Insurance,N.C.B.TRUST LIMITED-CBNA LDN MEIJI YASUDA LIFE G-A 091,17.00
TLI,Thai Life Insurance,Insurance,HER SING (H.K.) LIMITED,5.60
TLI,Thai Life Insurance,Insurance,BNP PARIBAS SINGAPORE BRANCH,1.93
TLI,Thai Life Insurance,Insurance,กองทุนรวม  วายุภักษ์หนึ่ง,1.77
TOP,Thai Oil,Energy & Utilities,บริษัท  ปตท. จำกัด (มหาชน),45.03
TOP,Thai Oil,Energy & Utilities,บริษัท  ไทยเอ็นวีดีอาร์ จำกัด,11.51
TOP,Thai Oil,Energy & Utilities,SOUTH EAST ASIA UK (TYPE C) NOMINEES LIMITED,3.37
TOP,Thai Oil,Energy & Utilities,บริษัท  สยาม แมนเนจเม้นท์ โฮลดิ้ง จำกัด,2.97
TOP,Thai Oil,Energy & Utilities,THE BANK OF NEW YORK MELLON,2.09
TRUE,True Corporation,Information & Communication Technology,บริษัท  อไรซ์ ดิจิทัล เทคโนโลยี จำกัด,24.95
TRUE,True Corporation,Information & Communication Technology,บริษัท  ไทยเอ็นวีดีอาร์ จำกัด,11.87
TRUE,True Corporation,Information & Communication Technology,บริษัท  ซีพีเอช เทลโค จำกัด,10.69
TRUE,True Corporation,Information & Communication Technology,บริษัท  เครือเจริญโภคภัณฑ์ จำกัด,9.04
TRUE,True Corporation,Information & Communication Technology,CHINA MOBILE INTERNATIONAL HOLDINGS LIMITED,7.81
TTB,TMBThanachart Bank,Banking,บริษัท  ทุนธนชาต จำกัด (มหาชน),24.37
TTB,TMBThanachart Bank,Banking,ING BANK N.V.,21.69
TTB,TMBThanachart Bank,Banking,กระทรวงการคลัง,11.65
TTB,TMBThanachart Bank,Banking,ธนาคาร  ทหารไทยธนชาต จำกัด (มหาชน),5.93
TTB,TMBThanachart Bank,Banking,บริษัท  ไทยเอ็นวีดีอาร์ จำกัด,5.68
TU,Thai Union Group,Food & Beverage,บริษัท  ไทยยูเนี่ยน กรุ๊ป จำกัด (มหาชน),9.40
TU,Thai Union Group,Food & Beverage,บริษัท  ไทยเอ็นวีดีอาร์ จำกัด,8.66
TU,Thai Union Group,Food & Beverage,นาย ธีรพงศ์ จันศิริ,5.74
TU,Thai Union Group,Food & Beverage,"MITSUBISHI UFJ MORGAN STANLEY SECURITIES CO.,LTD.",5.61
TU,Thai Union Group,Food & Beverage,นาย เชง นิรุตตินานนท์,4.71
WHA,WHA Corporation,Property Development,น.ส. จรีพร จารุกรสกุล,23.49
WHA,WHA Corporation,Property Development,น.ส. ชัชชมนต์ อนันตประยูร,9.07
WHA,WHA Corporation,Property Development,บริษัท  ไทยเอ็นวีดีอาร์ จำกัด,7.17
WHA,WHA Corporation,Property Development,นาย นิติ โอสถานุเคราะห์,4.60
WHA,WHA Corporation,Property Development,นาย ชัยวัฒน์ พู่พิสุทธิ์,4.55
